age,advance_purchase_days,trip_type,channel,country,loyalty_status,basket_price,seats,weekend,previous_cancellations,booking_complete
56,13,Return,Agent,AU,Bronze,216.7,4,0,0,0
69,27,Return,Web,US,None,159.0,1,1,0,0
46,77,Return,Mobile,AU,Blue,156.01,3,1,0,1
32,129,OneWay,Agent,CA,Silver,193.07,1,0,0,1
60,108,OneWay,Web,AU,None,166.69,1,0,0,1
25,153,OneWay,Mobile,FR,Gold,35.05,2,0,0,1
78,13,Return,Web,DE,Bronze,113.8,4,1,0,1
38,55,Return,Web,FR,Blue,245.75,1,0,1,1
56,114,Return,Web,AU,None,55.79,5,0,1,1
75,6,Return,Web,FR,None,126.03,5,1,0,0
36,2,Return,Mobile,CA,Gold,112.38,1,0,0,1
40,110,Return,Mobile,US,None,175.08,2,0,0,1
28,150,OneWay,Mobile,FR,Bronze,181.49,2,0,0,1
28,106,Return,Web,CA,None,333.71,3,0,1,1
41,17,Return,Web,US,None,145.54,4,0,0,0
70,37,OneWay,Mobile,DE,None,81.72,2,0,1,0
53,114,Return,Web,AU,Blue,94.04,3,0,2,1
57,14,OneWay,Agent,DE,Gold,99.27,5,0,0,0
41,118,Return,Mobile,UK,None,89.95,5,1,0,1
20,27,Return,Mobile,CA,None,275.43,5,0,1,0
39,38,Return,Agent,US,None,177.2,1,0,0,0
70,16,Return,Web,FR,Blue,47.11,4,0,1,1
19,85,Return,Mobile,DE,Blue,163.29,3,1,1,0
41,125,Return,Web,US,Silver,69.81,4,1,0,1
61,43,Return,Agent,CA,Blue,180.59,1,0,1,0
47,24,Return,Web,UK,Blue,217.63,3,0,0,1
55,144,OneWay,Mobile,DE,None,113.45,3,1,0,0
19,12,Return,Mobile,AU,Gold,93.45,2,0,0,1
77,24,OneWay,Web,US,None,254.32,4,0,0,0
38,67,Return,Web,AU,None,86.93,4,1,1,1
50,137,Return,Mobile,US,Bronze,82.03,2,0,0,0
29,66,Return,Web,US,Blue,74.61,5,1,0,1
75,108,Return,Web,CA,Blue,122.87,1,1,0,1
39,145,Return,Web,CA,Blue,145.32,4,0,2,1
78,110,Return,Web,CA,Bronze,203.23,2,1,0,0
61,110,Return,Mobile,FR,None,166.98,3,1,0,0
42,33,Return,Web,US,Silver,165.65,2,0,0,1
66,110,OneWay,Web,DE,Blue,233.91,5,0,0,0
44,7,OneWay,Web,AU,Blue,72.63,1,0,0,1
76,167,Return,Web,CA,Blue,53.8,5,0,1,0
59,112,OneWay,Web,CA,None,171.05,3,1,1,1
45,82,Return,Web,AU,Bronze,119.9,3,0,0,1
77,41,Return,Web,AU,Blue,203.59,3,0,1,1
33,168,Return,Web,US,None,125.75,3,0,1,1
32,100,Return,Mobile,CA,Blue,91.73,2,1,0,0
79,5,Return,Web,AU,Gold,172.28,3,0,1,1
79,179,Return,Mobile,FR,Blue,133.86,3,0,2,0
64,25,Return,Web,FR,Gold,125.81,2,0,0,1
79,63,Return,Web,CA,None,364.18,3,0,0,1
68,58,Return,Mobile,AU,None,225.19,5,0,0,0
61,108,OneWay,Web,US,None,183.13,5,0,1,0
72,120,Return,Mobile,US,Blue,135.97,4,0,0,0
69,32,Return,Mobile,US,None,130.1,5,0,0,0
74,149,Return,Web,UK,None,109.04,1,1,0,1
20,20,OneWay,Mobile,CA,Silver,142.97,1,0,1,1
54,69,Return,Mobile,US,Silver,98.3,1,0,1,1
68,111,OneWay,Web,FR,Bronze,64.0,2,0,0,0
24,3,OneWay,Web,AU,None,125.02,5,0,0,1
38,93,Return,Web,DE,None,148.84,1,0,0,0
26,74,Return,Mobile,DE,None,203.83,4,0,1,0
56,61,Return,Mobile,US,Bronze,82.29,2,0,1,1
35,93,Return,Agent,DE,Gold,130.63,4,0,0,1
21,94,Return,Mobile,DE,Blue,166.34,5,0,0,1
42,151,Return,Web,UK,None,164.51,3,1,0,1
77,54,OneWay,Web,FR,Blue,268.68,4,0,0,1
31,136,Return,Mobile,FR,None,110.16,3,0,0,1
67,130,Return,Web,UK,None,78.49,2,0,1,0
75,30,Return,Agent,UK,Blue,135.0,4,0,0,0
26,39,Return,Web,DE,Bronze,113.16,4,0,0,0
43,35,Return,Web,CA,None,102.95,2,0,0,1
70,151,OneWay,Mobile,AU,None,95.73,2,0,1,1
19,5,Return,Mobile,AU,Gold,149.13,1,0,0,1
37,65,Return,Web,DE,None,88.7,5,0,0,1
45,74,OneWay,Mobile,AU,None,183.05,4,1,0,0
64,3,OneWay,Web,UK,None,178.84,4,0,0,0
77,78,Return,Mobile,FR,None,155.84,2,0,0,1
24,133,OneWay,Mobile,AU,None,72.56,2,1,0,0
61,117,Return,Mobile,DE,Silver,145.8,5,0,0,1
78,112,Return,Mobile,CA,None,210.43,2,0,1,1
25,93,OneWay,Web,DE,Blue,189.48,3,0,1,0
64,178,Return,Web,US,Bronze,176.65,3,0,1,1
52,61,Return,Agent,DE,Blue,129.64,3,0,0,1
31,78,Return,Web,UK,Silver,126.72,3,1,0,1
34,135,OneWay,Agent,FR,Silver,226.97,5,0,0,1
53,25,OneWay,Web,FR,None,147.96,4,0,0,0
67,178,Return,Mobile,AU,Bronze,148.88,3,1,0,1
57,172,Return,Mobile,UK,Blue,415.71,2,1,0,1
21,43,Return,Agent,US,Gold,108.92,3,0,0,1
19,132,Return,Web,UK,Blue,33.03,5,0,0,0
79,69,Return,Mobile,DE,Gold,117.26,2,0,1,1
23,153,OneWay,Web,UK,Bronze,120.8,3,0,0,1
71,117,Return,Web,UK,None,146.87,4,0,0,1
59,67,Return,Mobile,US,Blue,163.75,2,0,0,1
21,18,Return,Mobile,DE,Gold,37.01,2,1,0,1
71,19,Return,Agent,CA,Silver,165.4,4,0,1,1
46,112,OneWay,Web,CA,None,124.53,2,0,0,1
35,139,OneWay,Web,FR,Bronze,111.52,3,0,0,1
43,46,Return,Web,AU,None,48.34,2,0,0,0
61,0,Return,Web,UK,None,249.73,3,0,2,0
51,89,Return,Web,FR,Blue,102.23,4,0,0,1
27,141,Return,Mobile,US,None,177.8,1,1,0,1
79,63,Return,Web,CA,Silver,81.64,4,0,0,1
53,37,OneWay,Agent,UK,None,150.05,3,0,0,0
31,36,Return,Agent,US,Silver,112.43,5,0,0,1
48,125,OneWay,Mobile,AU,None,175.16,4,0,0,1
65,138,OneWay,Agent,US,None,110.5,5,0,0,1
32,99,Return,Mobile,UK,None,79.59,5,1,0,0
25,76,Return,Web,AU,None,127.39,3,1,1,0
31,2,Return,Web,US,None,124.18,3,0,1,1
40,160,OneWay,Web,AU,None,145.19,1,0,0,1
77,133,OneWay,Web,UK,Blue,200.71,2,1,2,0
74,177,OneWay,Mobile,UK,None,70.01,4,0,0,1
79,9,OneWay,Web,AU,Blue,195.81,3,0,1,0
57,4,Return,Mobile,DE,None,64.11,4,0,0,1
38,150,OneWay,Mobile,FR,Silver,171.9,5,1,1,1
33,137,Return,Web,US,Silver,174.51,2,0,0,1
62,171,OneWay,Agent,US,Blue,99.43,1,1,0,1
35,129,OneWay,Web,DE,None,83.9,4,1,0,1
64,12,OneWay,Web,DE,None,81.52,2,0,0,0
70,167,Return,Mobile,DE,Gold,133.47,1,1,0,1
41,129,Return,Web,CA,None,179.98,4,1,0,1
43,83,Return,Mobile,CA,None,119.07,2,0,0,0
42,64,Return,Web,AU,None,30.71,3,0,0,0
77,62,Return,Web,CA,None,96.02,4,0,0,0
77,100,OneWay,Agent,UK,None,94.24,2,0,1,0
77,72,OneWay,Web,AU,Bronze,163.22,1,0,1,0
62,16,Return,Web,US,None,167.31,2,0,1,0
58,8,Return,Web,FR,Blue,138.57,3,0,0,1
46,142,OneWay,Agent,UK,None,195.98,4,1,2,1
32,151,Return,Web,US,None,203.0,4,0,0,1
62,37,Return,Web,US,Silver,99.01,4,0,0,1
18,162,OneWay,Web,AU,None,80.55,3,0,1,0
42,93,Return,Web,DE,Silver,123.32,1,0,0,1
24,94,Return,Mobile,DE,Blue,138.43,4,0,0,0
26,48,Return,Mobile,UK,None,96.42,1,0,0,1
41,68,Return,Web,DE,Gold,464.71,2,0,1,1
18,61,OneWay,Mobile,US,None,242.77,1,1,0,0
61,177,Return,Web,DE,Silver,91.75,1,1,0,1
25,77,Return,Agent,CA,None,71.64,4,0,0,1
41,116,Return,Agent,DE,Silver,87.87,5,1,0,1
28,119,Return,Web,US,None,204.74,5,1,0,0
68,136,OneWay,Mobile,AU,Blue,207.12,3,0,1,1
34,161,Return,Mobile,UK,Bronze,244.19,3,1,0,1
25,75,OneWay,Web,FR,Gold,79.26,5,1,0,0
52,34,Return,Web,DE,Silver,162.9,2,0,0,1
52,0,Return,Web,US,Silver,83.25,4,0,1,1
50,39,OneWay,Mobile,FR,Silver,269.25,4,0,0,1
76,63,Return,Agent,FR,None,80.75,2,0,0,0
22,149,OneWay,Mobile,CA,None,62.73,2,1,0,1
59,59,OneWay,Mobile,FR,None,69.41,5,0,0,0
56,63,Return,Mobile,AU,None,127.67,3,1,1,1
75,92,Return,Mobile,US,None,178.75,2,1,0,0
58,71,Return,Mobile,US,Blue,173.2,3,0,0,1
45,10,Return,Web,DE,None,71.06,1,0,0,1
24,104,OneWay,Web,DE,Bronze,104.91,4,0,0,1
26,13,Return,Mobile,DE,None,97.85,5,0,1,0
25,59,OneWay,Web,AU,None,65.51,4,0,0,1
29,29,Return,Mobile,FR,Blue,96.64,5,0,0,0
51,34,Return,Web,FR,Bronze,239.22,1,0,1,1
50,164,Return,Web,CA,Bronze,60.57,4,1,1,1
65,4,OneWay,Mobile,AU,Blue,143.03,1,0,1,1
72,82,Return,Web,DE,None,241.85,5,0,0,1
40,122,Return,Web,UK,Blue,235.93,2,0,0,1
79,77,Return,Web,CA,None,275.25,4,1,0,0
41,153,OneWay,Mobile,UK,None,149.9,1,0,0,1
54,61,OneWay,Web,FR,Blue,160.71,4,0,0,1
52,131,Return,Agent,CA,None,97.59,4,1,0,1
61,88,Return,Web,CA,None,59.82,4,0,0,1
57,41,Return,Agent,US,Gold,118.97,3,0,1,0
39,88,OneWay,Agent,FR,Gold,216.74,1,0,1,1
44,145,Return,Web,FR,None,30.37,1,1,0,1
52,39,OneWay,Web,AU,None,99.92,4,0,0,1
18,71,Return,Web,CA,None,168.3,2,0,0,0
52,38,Return,Mobile,FR,None,128.54,4,0,1,0
54,103,OneWay,Web,CA,Gold,229.68,3,1,2,1
64,13,Return,Web,AU,None,206.1,5,0,1,0
31,31,OneWay,Web,AU,Bronze,55.51,3,0,1,1
20,178,OneWay,Web,US,None,133.97,2,1,0,1
18,124,Return,Web,CA,Gold,85.46,4,0,1,1
22,165,Return,Mobile,FR,None,84.86,1,1,0,1
43,96,Return,Agent,FR,Bronze,58.06,4,1,0,1
72,22,Return,Web,CA,None,145.11,2,1,0,0
31,62,OneWay,Web,CA,Blue,231.97,1,0,0,0
56,142,OneWay,Web,CA,None,151.51,3,0,1,1
44,152,OneWay,Mobile,DE,None,55.93,5,1,0,0
26,144,OneWay,Agent,FR,Gold,124.91,5,1,0,1
32,52,OneWay,Mobile,AU,Silver,165.09,4,0,0,1
32,103,Return,Agent,FR,Silver,120.24,3,1,0,1
43,103,OneWay,Web,DE,Blue,150.18,2,0,2,1
59,178,OneWay,Mobile,CA,Silver,89.21,5,0,0,1
77,38,Return,Mobile,US,None,113.18,3,0,1,0
30,178,Return,Web,CA,None,109.59,4,1,0,1
68,133,OneWay,Agent,CA,None,252.39,1,0,0,0
49,66,Return,Web,DE,Blue,71.92,4,0,1,1
56,134,Return,Mobile,FR,None,33.15,4,1,0,1
66,178,OneWay,Web,CA,None,244.66,3,0,0,1
69,41,Return,Web,FR,Blue,136.25,5,0,0,0
78,14,Return,Mobile,UK,Silver,63.62,3,0,0,0
49,110,Return,Web,AU,None,197.44,1,0,0,1
21,156,Return,Web,FR,None,170.03,3,0,0,1
47,32,Return,Web,US,None,272.15,2,1,0,0
54,154,Return,Mobile,AU,None,141.68,4,0,0,1
40,163,Return,Web,US,None,364.68,5,1,0,1
56,156,Return,Web,CA,Blue,120.79,1,0,2,1
62,37,Return,Agent,AU,Blue,170.19,4,0,0,1
32,96,Return,Mobile,FR,Bronze,182.16,3,0,1,1
60,154,Return,Web,AU,None,470.43,2,0,0,1
46,32,OneWay,Mobile,CA,Silver,101.98,3,0,1,0
53,85,OneWay,Mobile,DE,None,100.28,4,0,1,0
30,65,Return,Mobile,US,Blue,183.98,1,0,0,0
49,9,OneWay,Web,CA,Silver,60.48,5,0,0,1
24,4,OneWay,Web,DE,None,85.15,4,0,0,0
76,122,OneWay,Web,AU,None,119.08,1,0,0,1
68,73,OneWay,Web,AU,Silver,268.02,4,1,0,1
39,96,Return,Web,CA,None,184.04,2,0,0,0
45,117,Return,Web,FR,Bronze,133.54,3,0,0,1
19,37,Return,Mobile,AU,None,97.0,5,1,1,0
59,140,Return,Web,FR,Bronze,319.62,1,1,0,1
62,158,Return,Web,FR,None,124.49,5,0,0,1
79,46,OneWay,Mobile,FR,None,85.1,5,0,0,0
74,108,Return,Web,UK,Blue,349.43,5,0,0,1
70,179,OneWay,Web,DE,None,62.1,1,0,0,1
23,14,Return,Mobile,DE,None,235.46,1,1,0,0
45,156,Return,Web,AU,None,129.31,5,1,2,1
45,135,OneWay,Mobile,AU,None,183.82,3,0,0,1
61,4,Return,Mobile,FR,None,167.91,4,1,0,0
61,156,Return,Web,UK,None,182.53,5,0,0,1
37,46,Return,Mobile,FR,Silver,364.98,2,0,0,1
47,67,OneWay,Web,UK,None,337.55,5,1,1,0
79,75,Return,Web,FR,Blue,87.59,1,0,0,1
28,172,Return,Web,US,None,164.77,4,1,0,1
75,129,OneWay,Web,US,None,45.05,2,1,2,1
72,154,OneWay,Agent,CA,Gold,192.21,4,0,0,1
45,94,Return,Web,FR,None,214.33,4,0,0,0
42,114,OneWay,Web,AU,Gold,33.47,2,0,0,1
56,163,Return,Web,DE,None,126.86,5,0,0,1
79,35,Return,Web,CA,Bronze,183.66,5,0,1,1
50,25,Return,Web,AU,Blue,153.34,5,0,1,1
18,42,OneWay,Web,US,Silver,62.85,3,1,1,1
74,26,Return,Mobile,FR,Blue,66.89,5,0,0,1
44,68,OneWay,Web,CA,Blue,119.27,2,0,0,0
79,147,OneWay,Web,FR,None,101.97,3,0,0,1
74,10,Return,Web,US,None,107.15,5,1,1,1
69,73,Return,Web,CA,Silver,57.8,3,0,0,1
30,103,Return,Mobile,US,None,130.45,2,0,0,1
58,37,Return,Web,UK,None,269.04,5,1,0,0
20,133,OneWay,Web,US,Bronze,64.43,1,0,0,1
56,22,OneWay,Web,FR,None,114.17,2,0,0,0
23,46,Return,Mobile,DE,Gold,173.67,4,1,0,0
25,89,Return,Mobile,US,Bronze,49.77,4,0,0,1
44,45,Return,Web,AU,Blue,131.12,2,1,2,1
26,106,OneWay,Mobile,DE,Silver,211.15,4,0,1,1
79,139,Return,Mobile,UK,None,72.6,2,0,1,1
54,140,OneWay,Mobile,CA,None,137.66,1,1,0,0
50,103,OneWay,Mobile,CA,Blue,203.69,2,0,0,1
68,110,Return,Web,DE,None,355.69,5,1,0,0
59,103,OneWay,Web,CA,Bronze,134.08,5,1,0,1
61,59,OneWay,Web,US,Silver,86.2,3,1,1,1
41,170,Return,Web,DE,Blue,40.9,4,1,0,1
32,99,Return,Agent,FR,None,86.61,4,0,1,1
76,67,Return,Web,US,Gold,55.82,2,1,0,1
71,132,OneWay,Web,US,Blue,279.77,4,0,0,1
49,119,OneWay,Mobile,US,Blue,197.62,5,0,0,1
49,36,OneWay,Web,FR,None,66.88,1,1,0,0
41,71,OneWay,Web,UK,Silver,83.49,2,0,0,1
58,126,Return,Web,AU,Blue,132.95,4,0,0,1
69,105,Return,Web,CA,Bronze,210.37,5,0,1,1
66,91,Return,Mobile,DE,Silver,164.98,3,0,2,1
79,30,Return,Web,UK,None,157.07,4,1,0,0
66,121,Return,Web,DE,Blue,142.33,1,0,1,0
75,136,Return,Web,CA,Silver,68.99,1,0,0,1
69,50,Return,Web,FR,None,133.84,4,1,0,1
29,28,Return,Mobile,US,Bronze,125.68,4,0,0,1
79,39,Return,Web,US,Gold,55.35,5,0,1,1
56,40,OneWay,Web,FR,Blue,276.32,4,0,0,0
19,10,Return,Agent,UK,Bronze,92.74,3,0,0,0
20,150,Return,Mobile,UK,Silver,56.26,5,0,0,1
66,0,OneWay,Web,DE,Silver,101.27,2,1,0,1
54,45,OneWay,Web,FR,None,111.83,3,0,1,1
66,100,Return,Mobile,UK,None,123.72,5,1,1,0
73,148,Return,Mobile,FR,Blue,110.85,5,1,0,1
34,89,Return,Web,CA,Bronze,127.38,1,0,0,1
76,109,Return,Agent,US,Blue,138.62,5,0,0,1
66,163,OneWay,Web,US,Bronze,135.0,3,0,0,1
19,56,Return,Web,US,None,156.49,4,0,1,0
19,0,OneWay,Web,FR,Blue,161.2,3,1,0,0
45,62,Return,Web,FR,None,163.23,2,0,0,1
71,54,Return,Mobile,DE,Bronze,183.65,5,0,0,1
40,114,OneWay,Web,US,Blue,87.3,5,0,0,1
54,167,OneWay,Web,DE,None,89.04,5,0,0,1
49,142,OneWay,Mobile,US,None,210.84,5,0,0,1
50,148,Return,Web,DE,Bronze,102.92,1,0,1,1
18,174,OneWay,Web,DE,Blue,120.18,1,0,1,1
36,52,Return,Web,CA,None,114.68,4,0,1,0
79,136,Return,Web,DE,Gold,349.26,5,0,0,1
19,179,OneWay,Web,FR,Bronze,79.27,2,1,1,1
70,56,OneWay,Mobile,DE,Gold,78.45,4,0,0,1
61,116,OneWay,Web,US,Blue,127.61,5,0,0,1
43,153,Return,Web,DE,Blue,116.38,1,0,1,1
49,168,OneWay,Mobile,UK,Silver,66.51,2,0,0,1
23,34,Return,Mobile,AU,Blue,122.27,4,1,0,1
49,62,Return,Web,US,Bronze,129.41,2,0,1,1
72,24,Return,Web,UK,None,97.46,5,0,0,1
21,89,Return,Web,US,Blue,118.5,3,1,0,1
72,74,Return,Web,FR,None,83.53,2,1,0,0
28,37,Return,Web,AU,None,66.61,2,0,0,1
73,129,OneWay,Web,AU,None,102.5,1,0,0,0
76,134,OneWay,Agent,FR,None,72.52,5,1,0,0
34,161,Return,Web,AU,Gold,59.37,2,0,0,1
55,90,Return,Mobile,FR,None,39.9,5,1,0,1
41,16,Return,Web,UK,Bronze,143.55,1,1,0,1
22,127,OneWay,Mobile,CA,Silver,100.68,5,1,1,0
69,170,OneWay,Mobile,US,Blue,211.45,1,0,0,1
51,107,Return,Mobile,FR,None,36.84,1,1,1,1
23,178,OneWay,Web,US,Bronze,105.16,4,0,0,1
39,151,Return,Web,UK,Blue,143.2,5,1,0,1
28,24,Return,Web,CA,Bronze,90.28,3,0,1,1
65,179,Return,Mobile,UK,Bronze,125.59,4,0,1,1
33,87,Return,Web,AU,Gold,40.1,1,0,0,1
50,160,Return,Web,US,Blue,101.7,3,0,0,1
26,176,OneWay,Web,CA,None,79.55,2,0,0,1
77,28,Return,Web,AU,Blue,200.91,2,1,0,0
76,62,Return,Web,CA,None,138.61,4,0,0,1
23,149,Return,Web,AU,Silver,187.23,3,1,0,1
33,153,OneWay,Agent,UK,None,222.82,5,0,0,0
46,155,Return,Mobile,FR,None,97.32,3,0,1,1
20,113,Return,Agent,US,Silver,135.65,4,0,0,1
37,48,OneWay,Web,DE,Blue,68.77,5,0,0,1
77,80,OneWay,Mobile,DE,None,154.03,5,1,0,0
76,83,Return,Mobile,UK,Blue,165.18,2,0,0,0
53,104,Return,Mobile,US,Silver,148.84,3,0,0,1
36,176,Return,Mobile,US,None,97.26,5,0,0,1
43,147,OneWay,Web,UK,Silver,288.96,4,1,1,1
20,117,OneWay,Mobile,US,None,129.24,2,0,0,0
36,85,Return,Web,FR,Bronze,442.75,5,0,0,1
37,62,Return,Web,UK,Silver,69.0,3,0,0,1
49,103,Return,Web,FR,None,172.91,2,0,1,1
24,48,Return,Agent,US,Blue,203.83,3,0,0,1
69,70,Return,Mobile,UK,None,69.77,3,1,1,0
58,0,Return,Agent,US,Bronze,111.87,3,0,0,0
50,140,Return,Mobile,UK,Blue,55.6,2,0,0,1
57,178,Return,Web,US,Blue,226.98,5,0,0,1
56,122,Return,Web,FR,None,121.62,1,0,0,1
35,61,Return,Web,FR,None,79.75,5,0,0,0
57,31,Return,Web,US,None,205.13,2,1,1,0
18,157,OneWay,Web,UK,None,127.44,1,1,0,1
28,28,Return,Web,DE,Blue,191.45,1,1,0,0
45,48,OneWay,Web,FR,Silver,158.89,1,1,1,1
74,172,Return,Agent,FR,Bronze,73.88,4,0,0,1
42,29,Return,Web,AU,Blue,95.52,2,0,0,0
67,143,Return,Mobile,DE,Gold,80.96,4,0,1,1
40,167,OneWay,Mobile,US,Bronze,66.36,1,0,0,1
48,18,Return,Web,UK,Gold,47.26,4,0,0,1
47,17,Return,Web,AU,Blue,317.22,4,0,1,0
59,0,OneWay,Web,US,None,147.47,2,0,0,0
52,77,OneWay,Web,CA,None,158.39,3,1,2,1
24,114,OneWay,Mobile,FR,Bronze,216.32,4,1,1,1
77,174,OneWay,Web,CA,None,95.0,4,1,0,1
33,112,Return,Web,FR,None,58.01,1,0,1,1
43,113,Return,Web,FR,Blue,183.24,1,0,0,1
65,165,Return,Agent,CA,Blue,63.55,1,0,0,1
74,178,OneWay,Mobile,CA,Blue,181.11,5,0,0,1
69,62,OneWay,Mobile,US,None,52.86,4,0,0,1
77,131,Return,Web,AU,None,60.94,1,0,0,1
66,128,OneWay,Mobile,AU,Blue,89.98,2,0,1,0
19,7,Return,Mobile,CA,Gold,177.76,5,0,0,1
18,156,Return,Mobile,US,Bronze,270.27,3,0,1,1
65,54,Return,Agent,AU,Gold,158.27,4,0,0,1
79,102,Return,Web,US,Bronze,91.9,4,0,0,1
29,130,OneWay,Agent,US,Blue,199.53,2,0,0,1
22,31,OneWay,Agent,FR,None,51.91,3,0,0,0
54,9,OneWay,Web,AU,Bronze,76.11,3,0,0,1
49,109,Return,Web,AU,Blue,133.74,5,0,0,1
76,161,OneWay,Agent,FR,Blue,186.2,4,1,0,1
72,123,Return,Web,CA,Blue,114.85,1,1,0,1
26,86,Return,Web,FR,Blue,108.5,2,0,1,1
58,54,Return,Agent,AU,None,111.85,2,0,0,1
52,31,OneWay,Web,AU,Blue,215.38,2,0,0,1
36,177,OneWay,Web,CA,None,83.89,2,0,1,1
65,134,Return,Web,FR,Silver,73.28,1,0,1,1
33,92,Return,Web,UK,None,110.93,1,0,1,1
20,7,Return,Web,UK,None,230.05,5,0,0,0
37,64,OneWay,Web,CA,Blue,89.16,4,0,0,1
41,56,Return,Mobile,FR,Bronze,111.67,1,1,0,0
71,66,Return,Web,FR,Blue,51.4,5,0,0,1
73,71,OneWay,Mobile,US,None,114.11,3,1,0,0
50,53,Return,Mobile,AU,Blue,143.89,4,0,0,1
41,66,OneWay,Web,DE,None,63.61,1,0,0,0
69,50,Return,Mobile,CA,Gold,215.57,3,1,0,1
28,96,Return,Web,DE,Gold,142.95,5,1,0,1
66,91,OneWay,Web,DE,Blue,96.67,1,0,0,0
25,7,Return,Web,CA,None,143.49,1,0,0,0
53,161,Return,Agent,FR,Bronze,162.92,3,0,0,1
55,34,Return,Web,CA,None,43.25,1,0,0,0
57,95,OneWay,Web,DE,Blue,146.28,2,1,0,1
37,87,OneWay,Mobile,AU,None,226.07,1,1,0,1
79,77,OneWay,Web,AU,Gold,83.25,4,0,0,1
52,31,Return,Web,AU,None,97.77,3,0,0,0
65,119,OneWay,Web,FR,Blue,106.44,4,0,0,1
79,45,Return,Mobile,UK,Bronze,187.23,5,0,1,1
42,143,Return,Mobile,CA,Blue,69.87,4,1,0,1
52,164,OneWay,Web,AU,None,159.19,2,1,0,1
42,141,Return,Web,CA,Gold,107.49,2,0,0,1
46,54,OneWay,Web,AU,Blue,276.49,4,0,0,0
35,175,Return,Mobile,FR,Blue,110.78,5,0,0,1
63,6,Return,Web,UK,None,30.12,1,0,2,0
35,73,OneWay,Web,UK,Blue,174.02,2,1,0,0
19,6,OneWay,Web,AU,Blue,155.18,4,0,0,0
71,160,Return,Web,FR,None,139.89,4,0,0,1
52,150,Return,Web,US,None,223.05,4,0,1,1
33,84,Return,Web,CA,Silver,47.09,1,1,0,1
78,146,Return,Web,CA,None,76.74,3,0,0,1
58,111,OneWay,Mobile,DE,None,125.26,5,1,0,1
53,124,OneWay,Web,FR,Blue,136.13,3,1,1,0
50,146,OneWay,Agent,DE,Bronze,116.0,5,1,0,1
21,35,Return,Web,AU,None,51.86,5,0,0,1
50,28,Return,Mobile,DE,Blue,98.28,4,0,1,1
31,81,Return,Mobile,UK,None,266.99,2,0,1,1
38,1,OneWay,Web,CA,None,67.99,4,0,1,0
65,128,Return,Web,DE,None,123.84,1,0,0,0
37,46,Return,Mobile,UK,Silver,159.49,5,0,0,1
73,147,Return,Web,FR,None,184.56,2,0,0,0
25,10,Return,Agent,DE,None,173.61,5,1,0,0
24,129,OneWay,Web,AU,Blue,94.5,5,0,1,1
20,118,OneWay,Agent,AU,Silver,76.55,4,0,0,1
34,139,Return,Web,AU,None,277.57,2,1,0,1
50,19,Return,Mobile,CA,Blue,193.47,2,1,0,0
65,4,OneWay,Mobile,DE,None,129.89,5,1,1,1
29,36,Return,Mobile,FR,Blue,241.84,2,1,2,0
76,165,Return,Web,DE,Blue,51.31,2,1,0,1
68,136,Return,Mobile,CA,Blue,58.21,4,0,1,1
39,52,Return,Web,UK,None,30.71,3,0,0,0
72,171,Return,Mobile,CA,None,135.35,1,0,0,1
39,98,Return,Web,AU,None,138.6,3,0,0,1
63,85,Return,Mobile,UK,None,55.09,2,0,1,0
47,107,Return,Web,AU,None,190.04,5,0,0,1
55,23,Return,Mobile,US,Bronze,38.69,1,0,1,1
55,80,Return,Mobile,CA,Gold,150.36,1,0,0,1
62,157,OneWay,Mobile,CA,Gold,167.58,5,0,1,1
68,119,Return,Web,FR,Silver,134.54,1,1,1,1
71,58,Return,Web,DE,Blue,50.62,5,0,0,1
25,127,Return,Agent,UK,Bronze,221.89,1,1,0,1
44,113,Return,Web,UK,None,96.18,3,0,0,1
44,114,Return,Web,FR,Blue,96.34,1,1,1,0
51,13,Return,Mobile,FR,Blue,86.42,4,1,2,0
38,8,Return,Mobile,DE,Blue,176.56,5,0,1,0
47,39,OneWay,Web,AU,Bronze,93.78,1,0,1,1
50,24,Return,Mobile,DE,None,64.42,5,0,1,0
45,102,Return,Mobile,CA,None,200.93,4,1,0,1
64,21,Return,Web,AU,Gold,122.33,1,1,0,1
50,3,OneWay,Agent,US,None,204.38,1,1,0,0
22,153,OneWay,Web,DE,Blue,126.99,4,0,1,1
77,28,Return,Web,FR,Silver,83.28,4,0,0,1
78,108,OneWay,Web,AU,Blue,42.38,4,1,0,1
65,97,OneWay,Web,DE,Blue,135.64,5,0,0,1
36,36,OneWay,Agent,UK,None,106.56,4,0,0,1
21,74,OneWay,Web,US,None,180.18,5,0,2,0
52,69,OneWay,Web,CA,Silver,91.48,3,1,0,1
66,145,Return,Web,UK,Blue,152.63,1,0,0,1
34,127,Return,Web,UK,Blue,124.35,1,0,0,1
61,84,Return,Web,US,None,79.35,2,0,0,1
45,41,Return,Web,CA,None,95.38,3,1,1,0
47,99,Return,Web,FR,Gold,57.46,4,0,1,1
46,40,OneWay,Mobile,AU,None,287.05,4,0,0,0
63,165,OneWay,Web,CA,Blue,150.99,3,0,0,1
70,33,Return,Web,DE,None,55.25,4,1,0,1
23,16,OneWay,Web,UK,Bronze,279.83,2,1,0,0
52,164,Return,Mobile,DE,Gold,67.47,5,1,1,1
77,152,Return,Web,FR,Blue,90.64,1,0,1,1
58,121,Return,Web,DE,None,110.62,3,1,0,1
54,75,OneWay,Web,CA,Blue,125.9,1,0,0,1
41,86,OneWay,Agent,DE,Bronze,177.81,5,0,0,1
46,116,Return,Web,FR,Blue,36.48,3,0,0,0
66,105,OneWay,Mobile,FR,Silver,126.91,5,0,0,1
63,85,Return,Web,FR,Blue,107.66,4,1,0,1
70,26,Return,Web,CA,Silver,136.88,4,0,0,1
48,56,Return,Mobile,FR,Blue,104.9,4,0,0,1
52,30,OneWay,Web,UK,None,97.64,5,0,0,0
77,133,Return,Mobile,FR,None,117.28,5,0,0,0
50,167,Return,Agent,DE,None,272.25,5,0,1,1
69,97,Return,Mobile,AU,Silver,98.65,1,0,1,1
78,11,OneWay,Web,DE,Bronze,216.98,5,0,0,1
38,52,Return,Mobile,AU,Bronze,133.96,4,0,0,0
49,137,OneWay,Web,DE,None,130.81,2,0,1,1
40,172,Return,Mobile,CA,None,137.54,5,1,1,1
50,144,OneWay,Mobile,DE,Bronze,159.23,2,0,0,1
20,153,Return,Mobile,CA,Blue,102.71,4,1,0,1
35,121,Return,Web,CA,None,209.7,5,1,0,0
42,45,Return,Web,FR,Blue,159.43,1,1,0,1
59,63,OneWay,Web,UK,None,60.42,1,0,0,1
48,129,OneWay,Mobile,AU,None,30.29,2,0,0,1
71,53,Return,Web,FR,Blue,268.15,1,1,1,0
75,106,Return,Web,FR,None,139.74,1,0,1,1
20,50,OneWay,Mobile,CA,Gold,56.21,1,0,0,1
57,35,Return,Web,CA,None,98.57,4,0,2,0
63,114,Return,Web,AU,None,193.42,1,0,0,1
41,25,Return,Web,DE,None,113.71,3,1,0,0
67,28,Return,Web,DE,Bronze,119.07,5,0,0,0
49,148,Return,Web,FR,Blue,175.98,1,0,0,1
64,10,OneWay,Web,US,Blue,146.47,1,0,0,1
39,39,Return,Web,US,None,165.21,1,0,2,0
40,10,Return,Web,DE,None,175.07,3,0,0,0
19,163,OneWay,Mobile,US,Blue,84.55,1,0,1,1
44,112,Return,Web,DE,Silver,88.91,1,1,0,1
59,38,Return,Web,CA,Silver,79.07,5,0,0,1
19,53,Return,Agent,FR,None,91.55,3,1,0,1
43,97,Return,Web,UK,Blue,116.69,3,0,1,1
34,54,Return,Web,FR,Silver,121.1,1,0,0,1
57,110,Return,Mobile,DE,None,238.23,3,0,0,1
50,151,OneWay,Agent,DE,Silver,142.96,2,0,2,1
26,149,Return,Mobile,FR,None,117.88,3,1,0,1
60,68,OneWay,Mobile,AU,Gold,69.79,3,1,0,1
71,55,Return,Mobile,DE,Bronze,106.06,3,0,0,1
65,32,Return,Web,US,Gold,278.09,4,0,0,1
56,35,Return,Mobile,US,Bronze,275.94,4,1,0,0
46,147,Return,Web,DE,None,105.38,4,0,0,1
59,80,Return,Agent,DE,Gold,45.75,3,0,0,1
72,108,Return,Web,AU,None,98.11,2,1,0,1
43,153,Return,Web,US,None,239.5,3,0,1,1
52,72,OneWay,Web,DE,Bronze,117.11,1,1,0,0
67,39,Return,Mobile,DE,Bronze,176.07,2,0,1,1
42,16,Return,Web,AU,Gold,124.12,4,1,0,1
41,128,Return,Mobile,AU,None,53.59,5,0,0,1
30,60,OneWay,Mobile,FR,Bronze,126.39,2,0,0,0
77,170,OneWay,Web,AU,Bronze,187.61,4,0,0,1
75,103,OneWay,Mobile,UK,None,90.86,2,0,0,1
24,41,OneWay,Mobile,US,None,185.19,2,0,1,0
74,24,Return,Mobile,FR,None,130.46,3,0,0,0
53,38,Return,Web,UK,None,180.36,1,0,0,1
62,34,Return,Web,DE,Gold,147.52,5,1,0,1
37,130,OneWay,Web,DE,Blue,72.38,4,0,0,1
18,107,OneWay,Web,FR,Bronze,106.63,2,0,0,1
25,171,OneWay,Agent,AU,Gold,104.83,5,0,0,1
63,178,OneWay,Web,DE,None,88.56,2,0,0,1
33,101,OneWay,Mobile,CA,Silver,141.73,1,0,1,1
31,97,OneWay,Web,FR,Blue,302.46,5,0,1,0
29,11,Return,Web,UK,Silver,209.83,4,1,0,1
68,18,Return,Mobile,FR,None,223.56,2,0,1,0
40,100,Return,Mobile,US,Gold,85.67,1,0,0,0
32,43,Return,Web,AU,None,225.37,5,1,0,1
45,48,Return,Web,AU,None,261.72,2,1,0,0
51,16,OneWay,Web,FR,Bronze,84.15,2,0,0,1
19,73,OneWay,Web,DE,None,155.72,4,1,1,0
49,56,Return,Web,DE,Blue,157.78,1,0,1,1
40,54,OneWay,Web,CA,Blue,110.67,3,1,0,1
39,46,Return,Web,CA,Bronze,136.08,2,0,0,1
68,11,Return,Mobile,AU,None,161.62,5,0,2,0
42,61,OneWay,Web,CA,None,114.53,4,1,0,1
75,79,OneWay,Web,UK,None,204.97,4,0,0,1
79,82,Return,Web,CA,Blue,60.61,2,0,0,0
78,7,OneWay,Mobile,UK,None,104.6,2,0,0,0
39,148,OneWay,Mobile,CA,None,177.8,2,0,1,1
75,80,Return,Web,AU,None,286.86,3,0,0,1
75,117,Return,Mobile,AU,None,211.28,2,0,0,1
39,24,OneWay,Web,UK,Blue,134.68,1,0,0,0
66,88,Return,Web,FR,Silver,117.38,5,0,0,1
69,11,Return,Web,AU,None,107.7,2,0,0,0
59,142,Return,Web,FR,Blue,108.04,3,0,1,1
23,58,Return,Mobile,DE,Bronze,42.2,5,0,0,1
32,153,Return,Mobile,UK,Blue,281.1,4,1,0,1
71,108,Return,Web,AU,Bronze,121.91,2,0,0,1
60,25,Return,Mobile,US,Blue,81.3,5,0,0,0
77,46,OneWay,Web,DE,Blue,154.52,4,1,1,0
54,31,Return,Web,FR,None,84.83,3,1,1,1
50,9,OneWay,Web,AU,Bronze,195.46,1,0,0,1
25,15,OneWay,Web,UK,Bronze,82.7,2,1,1,1
70,144,OneWay,Web,CA,None,181.79,1,0,1,1
77,150,Return,Web,US,None,106.88,3,1,0,1
61,25,Return,Web,FR,Gold,144.49,5,0,2,1
61,85,OneWay,Web,DE,Blue,188.58,5,0,0,0
22,134,OneWay,Mobile,UK,Blue,94.37,3,0,0,1
56,13,Return,Web,US,Silver,186.35,3,1,1,1
21,78,Return,Agent,UK,Bronze,43.38,2,0,1,1
23,116,OneWay,Web,AU,Blue,251.87,4,0,0,1
62,6,Return,Mobile,CA,Bronze,202.08,1,0,0,0
49,136,Return,Mobile,DE,Silver,119.76,1,1,0,1
69,114,Return,Mobile,UK,Blue,219.77,5,1,1,1
47,175,OneWay,Web,FR,Blue,208.65,5,0,1,1
64,71,Return,Mobile,AU,None,125.38,2,0,0,0
52,58,Return,Web,AU,Gold,124.7,3,0,1,1
72,81,Return,Web,DE,Bronze,75.91,1,0,0,1
57,115,Return,Web,AU,None,128.83,2,1,0,1
69,166,Return,Web,FR,Silver,52.56,5,0,1,1
33,145,OneWay,Web,UK,Blue,180.68,5,0,0,1
30,102,Return,Agent,DE,None,182.6,1,0,1,1
67,16,Return,Mobile,AU,Blue,43.79,5,0,0,0
77,13,OneWay,Web,AU,Blue,240.09,5,0,1,1
59,158,Return,Agent,FR,Silver,89.98,4,0,1,1
47,151,OneWay,Web,CA,None,425.93,3,0,0,0
36,107,OneWay,Agent,CA,Silver,140.75,5,0,0,1
34,44,Return,Web,AU,Blue,241.24,4,0,0,1
73,97,Return,Web,UK,None,74.56,2,0,1,1
36,130,Return,Mobile,DE,Gold,106.76,5,0,0,1
45,36,OneWay,Mobile,AU,Blue,94.11,2,1,0,0
75,170,Return,Mobile,US,None,51.99,5,0,0,1
72,167,OneWay,Agent,DE,Blue,60.72,1,0,1,1
43,107,Return,Mobile,CA,Silver,117.38,4,1,0,1
54,38,Return,Mobile,AU,None,151.87,4,0,1,0
43,14,Return,Mobile,FR,None,70.17,1,0,1,0
70,119,Return,Mobile,US,None,103.35,3,0,0,1
79,3,OneWay,Web,AU,None,84.59,4,0,1,0
40,92,Return,Mobile,UK,Bronze,121.43,2,0,0,1
26,152,Return,Web,US,Blue,173.94,4,0,0,1
29,140,Return,Mobile,AU,None,132.29,3,1,0,1
70,160,Return,Mobile,UK,None,91.97,2,1,0,1
18,15,OneWay,Mobile,US,None,205.28,2,0,1,0
75,169,OneWay,Mobile,UK,Gold,149.42,1,0,0,1
75,107,Return,Mobile,UK,None,134.25,5,0,1,1
18,125,OneWay,Web,US,Gold,70.66,1,0,0,1
64,54,OneWay,Mobile,US,Blue,194.74,5,0,1,0
51,169,Return,Web,UK,None,156.9,1,1,0,1
49,33,Return,Web,CA,Silver,160.96,5,0,0,0
79,157,Return,Web,US,Blue,111.58,4,1,0,0
71,12,Return,Web,AU,Bronze,101.4,2,1,0,1
65,140,Return,Web,DE,Gold,281.81,5,1,0,1
42,17,OneWay,Mobile,FR,None,100.59,4,0,2,1
57,159,OneWay,Web,UK,None,62.92,3,0,0,0
62,95,OneWay,Web,UK,Bronze,137.66,1,0,1,1
70,122,Return,Web,FR,None,124.85,3,0,0,1
18,38,Return,Web,CA,None,209.81,4,0,0,1
33,45,Return,Mobile,FR,None,115.99,3,0,0,0
78,28,Return,Web,US,None,171.21,3,0,1,0
56,61,Return,Web,FR,Bronze,248.13,4,0,0,1
22,15,OneWay,Web,UK,None,152.37,2,1,1,0
39,120,Return,Web,FR,Blue,72.64,5,0,1,1
46,9,OneWay,Web,DE,Blue,42.54,1,0,0,1
72,157,OneWay,Web,AU,Blue,154.52,5,0,1,0
20,152,OneWay,Mobile,US,None,104.29,1,1,0,1
29,102,Return,Mobile,FR,Bronze,142.37,5,0,0,0
43,83,Return,Web,UK,None,125.32,3,0,0,1
33,132,OneWay,Agent,AU,Bronze,62.16,2,0,0,1
68,64,OneWay,Web,US,Silver,115.65,3,1,0,1
54,176,Return,Web,UK,Blue,70.39,2,1,0,0
39,2,OneWay,Agent,CA,Blue,96.62,4,0,1,0
74,172,Return,Web,DE,Blue,194.43,1,0,0,1
46,141,Return,Agent,CA,None,130.32,1,0,0,1
31,119,Return,Web,DE,Silver,166.17,4,0,2,1
45,157,Return,Web,FR,Silver,135.65,5,0,1,1
22,67,OneWay,Web,US,None,108.13,4,1,0,0
64,145,Return,Mobile,FR,Blue,142.57,4,1,0,1
66,36,Return,Mobile,DE,Gold,47.38,2,0,0,0
47,152,Return,Mobile,DE,Gold,180.99,4,0,0,1
63,175,OneWay,Web,DE,Blue,80.06,1,0,0,1
79,72,Return,Web,AU,Blue,161.08,3,1,2,1
69,142,Return,Web,UK,None,105.92,2,1,0,1
22,48,OneWay,Web,US,Gold,62.18,2,0,0,0
29,120,Return,Agent,FR,None,87.71,5,0,0,1
33,87,Return,Web,FR,Blue,161.49,3,0,0,0
43,139,Return,Mobile,CA,None,326.57,2,0,0,0
43,36,OneWay,Mobile,DE,None,121.3,4,1,0,0
65,60,Return,Web,DE,Blue,307.47,2,0,1,1
38,170,Return,Mobile,DE,Gold,47.31,2,1,0,1
56,123,Return,Web,FR,None,110.17,2,0,0,1
53,38,OneWay,Web,CA,Blue,121.35,5,1,0,1
50,62,Return,Web,UK,None,165.65,2,0,1,1
79,45,OneWay,Web,AU,None,89.55,2,1,2,0
47,87,Return,Web,US,Blue,149.15,5,0,0,1
54,10,Return,Web,UK,Blue,113.02,3,0,2,1
40,61,OneWay,Web,FR,None,224.5,1,0,1,0
75,76,Return,Web,AU,None,137.72,5,0,0,1
27,152,OneWay,Mobile,AU,None,408.1,5,0,0,1
71,51,Return,Mobile,AU,None,113.49,2,0,1,0
22,3,Return,Web,DE,Gold,217.38,2,1,0,1
53,58,Return,Web,US,Gold,251.26,1,0,0,1
51,71,OneWay,Mobile,FR,None,24.53,2,1,0,0
69,147,Return,Web,FR,Blue,179.86,4,1,0,1
48,92,OneWay,Mobile,AU,Silver,61.47,2,0,1,1
27,62,OneWay,Web,FR,None,111.37,2,0,0,0
75,53,Return,Web,US,Silver,67.18,4,0,0,0
36,116,OneWay,Web,US,Gold,226.42,1,0,0,1
75,109,Return,Web,CA,None,92.34,4,0,0,1
49,73,Return,Mobile,CA,None,45.64,5,1,0,0
18,106,OneWay,Web,UK,Gold,139.4,4,0,0,1
73,56,OneWay,Mobile,US,Blue,242.98,3,0,0,0
22,168,Return,Mobile,US,None,67.69,5,0,0,0
62,2,OneWay,Web,US,None,191.56,2,1,0,0
21,119,Return,Mobile,CA,Blue,38.33,5,0,1,0
33,5,Return,Web,AU,Bronze,251.52,1,0,0,1
41,4,Return,Web,AU,Bronze,153.88,1,0,0,0
33,4,Return,Mobile,FR,Gold,63.68,4,0,0,1
72,53,OneWay,Web,AU,None,182.97,5,1,0,1
19,46,OneWay,Web,DE,Blue,95.15,2,1,0,0
66,176,Return,Web,CA,Blue,75.95,1,0,0,1
45,8,Return,Web,US,Blue,94.05,2,0,1,1
49,98,Return,Mobile,AU,None,173.9,3,0,0,0
44,19,OneWay,Mobile,CA,Gold,73.29,1,0,0,1
37,121,OneWay,Mobile,AU,Silver,29.55,4,0,0,1
41,60,OneWay,Mobile,UK,Blue,96.65,3,0,2,1
29,122,Return,Web,US,Blue,231.0,5,0,0,1
67,162,Return,Web,UK,None,229.48,2,1,0,0
52,177,Return,Web,US,Blue,93.98,1,0,0,1
77,81,Return,Web,CA,Bronze,92.18,3,1,0,1
50,61,OneWay,Web,FR,Blue,89.14,3,0,0,1
50,144,Return,Agent,AU,Gold,87.02,1,0,0,1
78,2,Return,Web,AU,Blue,90.28,5,1,2,0
68,159,Return,Web,DE,None,142.81,5,0,0,1
60,12,Return,Web,UK,Bronze,233.76,4,0,1,1
54,119,Return,Mobile,AU,None,73.22,5,0,0,0
29,124,Return,Mobile,CA,None,80.98,4,0,0,1
20,88,OneWay,Web,FR,None,151.09,3,1,0,0
18,72,OneWay,Web,CA,Blue,178.87,1,1,0,0
50,67,Return,Mobile,UK,Bronze,52.55,5,0,0,1
57,141,OneWay,Web,DE,Blue,276.2,4,0,0,1
27,100,OneWay,Web,AU,Bronze,106.23,3,0,0,1
60,97,OneWay,Mobile,CA,Blue,55.55,5,0,0,0
61,10,Return,Mobile,US,None,51.03,2,0,0,0
46,104,OneWay,Web,FR,Silver,49.21,3,0,1,1
30,66,Return,Mobile,CA,None,215.32,5,0,0,1
29,122,Return,Mobile,FR,None,130.87,3,0,0,1
48,28,OneWay,Web,AU,Blue,216.29,1,0,0,0
63,136,OneWay,Agent,US,None,118.42,1,0,0,1
19,152,OneWay,Mobile,DE,None,213.3,1,0,1,1
78,75,Return,Mobile,DE,Blue,116.89,2,1,0,1
68,169,OneWay,Mobile,US,Blue,15.59,1,1,0,0
67,8,Return,Web,FR,Blue,165.3,2,0,0,0
52,39,OneWay,Web,AU,Gold,122.61,1,0,0,1
40,24,Return,Web,CA,Blue,113.22,3,1,0,1
34,4,Return,Web,US,Silver,77.28,5,1,0,1
43,138,Return,Web,UK,None,176.67,5,1,0,1
25,123,Return,Mobile,FR,Blue,67.87,1,0,0,1
46,37,OneWay,Mobile,DE,Silver,176.52,5,1,0,0
43,71,Return,Mobile,US,Blue,133.91,1,0,0,0
27,132,OneWay,Mobile,DE,Bronze,178.88,1,1,0,1
43,175,Return,Mobile,FR,None,139.83,4,1,0,1
79,89,Return,Web,DE,None,224.87,4,0,0,1
51,145,Return,Web,US,Blue,157.3,4,1,0,1
68,36,OneWay,Web,FR,None,135.36,2,0,2,0
58,59,OneWay,Mobile,UK,Silver,27.33,4,1,0,1
24,175,Return,Web,US,None,229.39,1,0,0,1
21,27,Return,Mobile,CA,Gold,48.88,3,1,0,1
75,80,OneWay,Web,AU,Gold,58.6,4,0,0,1
70,113,Return,Mobile,US,None,187.29,4,1,0,0
67,39,OneWay,Mobile,FR,None,128.41,3,0,1,0
62,44,Return,Mobile,AU,Silver,50.16,1,0,0,0
28,61,Return,Agent,US,Gold,92.11,2,0,0,0
46,92,Return,Mobile,UK,Blue,223.41,4,1,0,1
73,114,OneWay,Agent,UK,None,137.71,3,0,1,1
53,66,Return,Agent,CA,Blue,130.04,1,0,1,1
42,55,OneWay,Mobile,DE,Bronze,86.05,5,0,0,1
38,39,Return,Mobile,AU,None,190.6,2,1,0,0
78,97,OneWay,Web,FR,Bronze,120.26,3,0,0,1
74,39,Return,Web,FR,None,173.1,3,0,0,0
53,90,Return,Web,DE,None,81.22,3,0,0,1
27,32,Return,Web,UK,None,327.46,4,0,0,0
54,5,Return,Web,UK,None,243.59,5,0,0,0
26,146,Return,Agent,US,None,136.96,2,0,0,1
41,79,Return,Mobile,CA,Blue,152.34,1,1,0,1
52,167,Return,Mobile,AU,None,92.59,1,1,0,1
66,91,Return,Web,CA,None,180.01,5,0,0,1
52,96,Return,Web,CA,None,31.34,3,0,0,1
65,58,Return,Web,US,Gold,274.09,3,0,0,1
53,58,Return,Web,CA,Blue,174.79,3,0,0,1
35,47,Return,Web,DE,Blue,72.37,3,1,1,1
66,168,OneWay,Web,US,Blue,270.76,3,0,0,1
56,12,OneWay,Agent,DE,Gold,313.41,5,0,0,1
49,106,OneWay,Mobile,US,None,156.51,4,0,1,1
41,44,OneWay,Web,CA,Bronze,81.98,2,1,0,1
40,88,OneWay,Web,DE,Bronze,131.1,3,0,0,1
79,169,Return,Web,DE,Blue,167.85,4,0,0,1
49,99,OneWay,Web,DE,None,149.98,1,0,0,1
54,154,Return,Agent,US,Bronze,72.38,5,1,0,1
29,165,OneWay,Web,FR,None,166.34,4,1,2,0
66,6,OneWay,Web,CA,Blue,222.12,3,0,0,0
72,132,Return,Web,DE,Bronze,62.81,3,0,0,1
30,44,Return,Web,AU,None,67.21,3,1,1,0
40,57,OneWay,Mobile,FR,Silver,90.52,4,0,1,1
42,30,Return,Mobile,AU,None,114.51,3,0,0,0
52,22,Return,Mobile,CA,Silver,193.01,4,0,1,1
58,169,OneWay,Web,CA,Blue,220.91,3,0,0,1
47,137,OneWay,Web,DE,None,80.01,1,0,0,1
34,159,Return,Web,DE,None,142.18,1,1,0,1
66,106,Return,Mobile,US,Gold,216.52,2,0,0,1
79,157,Return,Web,FR,None,336.71,3,0,0,0
37,38,Return,Web,FR,None,141.8,3,1,0,0
65,158,OneWay,Mobile,DE,None,145.79,4,0,2,0
42,81,Return,Mobile,CA,Blue,156.99,4,0,0,0
39,99,OneWay,Web,DE,Blue,108.19,3,0,0,1
30,1,Return,Web,CA,None,136.31,2,1,0,1
76,76,Return,Web,CA,None,36.53,3,1,0,1
36,11,Return,Mobile,DE,None,92.87,4,1,2,0
66,38,OneWay,Web,UK,None,165.04,3,1,0,1
53,12,OneWay,Agent,FR,Blue,77.41,4,0,0,1
29,45,Return,Web,AU,Bronze,195.26,3,0,0,1
78,154,Return,Agent,CA,None,44.96,5,1,0,1
58,112,Return,Mobile,CA,None,191.53,4,0,0,0
36,16,OneWay,Web,UK,None,191.27,2,0,1,1
29,103,Return,Mobile,AU,Gold,339.71,5,0,1,1
26,97,OneWay,Web,US,Gold,105.92,3,0,0,1
24,87,Return,Agent,UK,Silver,128.47,4,1,1,1
45,108,OneWay,Mobile,AU,None,260.92,5,0,0,1
31,162,Return,Web,UK,None,244.53,2,0,0,1
48,69,OneWay,Mobile,CA,None,209.55,4,1,1,1
69,157,Return,Agent,FR,None,152.59,5,0,0,1
36,73,Return,Web,UK,Blue,257.43,5,0,0,1
75,62,OneWay,Web,US,Bronze,399.32,5,0,1,1
64,155,OneWay,Mobile,DE,Silver,172.74,1,1,1,1
33,59,OneWay,Mobile,AU,Silver,131.67,3,1,0,1
70,78,OneWay,Web,UK,None,183.1,4,1,0,0
22,36,Return,Web,UK,Bronze,140.78,4,1,1,1
52,21,Return,Web,US,None,110.9,4,0,0,0
29,147,Return,Web,FR,None,195.67,5,1,0,1
42,95,Return,Web,UK,Bronze,97.8,3,1,0,1
69,67,Return,Agent,UK,None,170.97,2,0,1,0
76,16,OneWay,Web,FR,Blue,51.46,4,0,1,0
38,11,OneWay,Mobile,US,None,280.14,3,1,1,0
53,149,Return,Web,AU,Bronze,83.29,3,1,0,1
70,144,Return,Web,AU,Bronze,57.98,1,1,1,1
40,137,OneWay,Web,UK,None,240.38,4,1,2,1
33,117,OneWay,Web,FR,Silver,262.62,5,0,0,1
74,21,Return,Mobile,UK,None,151.01,3,0,0,1
56,119,Return,Agent,DE,Blue,122.06,3,0,0,1
62,49,OneWay,Mobile,AU,Bronze,107.28,2,0,0,0
70,13,Return,Agent,CA,Bronze,146.87,1,1,1,1
59,174,Return,Mobile,DE,Gold,125.65,3,0,1,1
75,28,OneWay,Web,UK,None,117.73,3,0,2,0
56,163,OneWay,Mobile,US,Bronze,78.35,5,0,0,0
31,179,Return,Mobile,AU,Blue,65.95,5,0,0,1
48,124,Return,Web,CA,Silver,134.29,2,0,0,1
75,6,OneWay,Mobile,DE,None,144.59,2,0,0,1
22,28,Return,Web,AU,Bronze,85.97,2,0,0,1
52,138,Return,Web,FR,Blue,92.83,5,0,1,1
40,32,Return,Mobile,US,None,144.42,5,1,0,0
46,133,Return,Web,DE,Blue,77.19,1,0,0,0
60,110,Return,Web,FR,None,213.56,4,0,2,1
28,78,Return,Agent,UK,Blue,167.57,4,0,0,1
35,159,Return,Mobile,FR,Silver,85.53,1,0,0,1
64,178,Return,Web,DE,Blue,163.31,4,0,1,1
29,57,Return,Mobile,DE,Blue,78.27,5,1,0,1
26,25,Return,Web,UK,Blue,191.71,4,1,0,0
27,173,OneWay,Web,FR,None,80.01,5,0,0,1
75,28,Return,Agent,FR,None,120.81,1,0,0,0
61,3,Return,Mobile,UK,Blue,138.49,2,1,0,0
34,98,OneWay,Web,FR,None,260.64,1,1,0,0
78,140,Return,Mobile,AU,None,82.93,4,0,0,0
55,38,Return,Mobile,UK,Blue,81.04,5,0,0,1
24,14,OneWay,Web,US,None,53.43,4,0,0,0
63,118,Return,Web,DE,None,298.72,4,0,0,1
30,28,OneWay,Web,US,Blue,130.68,2,0,0,1
57,156,OneWay,Mobile,AU,None,216.11,4,0,0,1
59,74,Return,Mobile,AU,Gold,93.73,2,0,0,1
26,115,OneWay,Mobile,CA,Silver,98.54,5,0,0,1
67,31,Return,Agent,CA,Bronze,125.28,5,1,0,1
44,129,Return,Mobile,CA,None,127.23,2,1,0,1
75,174,Return,Web,UK,Bronze,179.79,1,0,1,1
19,83,Return,Web,FR,Silver,132.65,5,1,0,1
22,21,OneWay,Web,AU,Bronze,104.99,1,0,0,1
46,26,Return,Web,US,None,301.51,5,1,1,0
54,80,OneWay,Mobile,US,Blue,77.75,5,0,0,0
55,125,Return,Mobile,US,Silver,83.18,3,0,0,1
36,91,Return,Web,US,Blue,78.38,4,0,1,0
25,20,OneWay,Web,CA,Blue,183.28,4,0,0,0
65,46,Return,Mobile,US,Blue,160.8,1,1,0,1
62,100,Return,Web,FR,Blue,118.0,4,0,0,1
18,83,Return,Web,CA,None,76.12,1,0,1,0
39,5,Return,Web,US,Blue,138.19,5,0,0,1
69,146,OneWay,Web,UK,None,196.05,3,0,3,1
34,130,Return,Agent,DE,Blue,265.96,3,0,1,1
24,0,OneWay,Web,DE,None,91.54,5,0,1,0
42,57,Return,Web,DE,Blue,117.78,2,1,0,0
62,123,Return,Web,CA,None,160.02,2,1,0,1
21,165,Return,Agent,US,Bronze,104.43,4,1,1,1
53,14,Return,Web,AU,Bronze,58.62,1,0,1,0
23,161,OneWay,Web,AU,None,118.09,3,1,0,1
77,162,Return,Web,AU,None,63.11,4,0,0,1
48,63,Return,Web,CA,None,204.4,5,0,0,0
36,24,OneWay,Web,FR,Silver,108.93,3,0,0,0
78,23,Return,Mobile,UK,Blue,124.28,1,1,0,1
61,11,OneWay,Web,UK,Blue,84.41,1,1,0,1
71,17,Return,Web,DE,None,126.79,2,1,0,1
56,14,Return,Mobile,DE,Blue,234.51,4,1,0,0
44,26,Return,Web,AU,Silver,215.46,5,1,0,1
27,71,OneWay,Web,AU,Silver,68.87,3,1,1,1
43,59,Return,Web,DE,Blue,18.87,1,0,0,1
36,173,Return,Agent,US,None,118.58,3,0,0,1
56,144,Return,Web,FR,None,109.33,5,0,0,1
79,92,Return,Mobile,FR,None,105.79,3,0,0,1
20,52,OneWay,Mobile,FR,None,94.77,4,0,0,0
62,7,Return,Web,FR,None,67.95,2,0,2,0
30,78,Return,Agent,DE,None,351.37,3,0,0,1
67,26,Return,Web,UK,None,298.59,2,1,0,0
45,173,Return,Web,DE,Gold,103.38,5,1,0,1
79,49,Return,Mobile,FR,Blue,137.19,2,0,0,1
75,130,Return,Mobile,DE,Silver,206.21,3,0,1,1
37,92,Return,Mobile,FR,Bronze,136.96,3,0,0,1
45,171,OneWay,Web,CA,None,98.97,1,0,0,1
25,23,OneWay,Web,AU,Bronze,59.25,3,1,1,1
78,59,OneWay,Mobile,UK,None,129.15,2,0,0,0
58,121,OneWay,Web,CA,Blue,63.68,1,0,1,1
56,130,Return,Web,US,None,226.66,3,1,3,0
18,147,Return,Web,DE,Gold,126.18,3,1,0,1
20,45,Return,Web,US,None,166.49,5,0,0,0
30,14,Return,Mobile,DE,None,107.59,1,1,0,0
45,152,Return,Web,AU,Gold,192.32,5,0,1,1
79,16,Return,Agent,CA,None,90.48,5,0,0,0
74,125,Return,Web,AU,Bronze,148.86,5,0,1,0
77,83,Return,Mobile,FR,Bronze,105.48,4,0,0,0
66,8,Return,Web,AU,Silver,114.04,5,0,0,1
42,165,OneWay,Web,AU,Gold,204.88,2,0,0,1
73,175,Return,Web,FR,Gold,84.04,3,0,0,1
50,62,Return,Web,DE,None,154.04,4,1,1,0
55,116,Return,Web,FR,Silver,239.96,5,0,1,1
70,129,OneWay,Agent,CA,Blue,201.2,3,0,0,1
23,87,Return,Mobile,AU,Blue,91.91,1,1,0,1
75,71,Return,Web,FR,None,164.67,1,0,0,0
61,138,OneWay,Web,AU,Bronze,44.98,3,1,0,1
62,63,Return,Web,CA,Gold,208.31,2,0,0,1
49,71,Return,Web,US,Silver,398.73,3,0,0,1
62,20,Return,Mobile,CA,Blue,149.65,3,0,0,1
78,17,OneWay,Agent,UK,None,245.83,4,0,0,0
64,63,Return,Web,UK,None,57.64,1,0,0,1
38,81,Return,Web,UK,Silver,72.15,1,0,1,1
33,109,Return,Web,AU,Bronze,107.38,5,0,0,0
71,94,OneWay,Mobile,DE,Blue,118.04,3,0,0,0
38,165,Return,Web,DE,None,150.12,3,0,1,1
28,31,Return,Mobile,DE,Blue,92.15,2,0,1,1
77,10,Return,Mobile,AU,Blue,137.92,1,0,1,1
54,44,Return,Web,CA,Gold,204.68,2,0,1,1
53,32,OneWay,Mobile,DE,Blue,164.37,4,0,0,1
52,101,Return,Web,US,None,105.55,5,0,0,1
36,168,OneWay,Mobile,UK,Blue,184.75,2,1,0,1
37,135,Return,Web,CA,None,103.16,1,0,1,1
74,10,OneWay,Web,UK,Gold,134.08,4,1,1,1
35,178,Return,Agent,DE,None,199.51,3,0,1,0
64,87,Return,Mobile,CA,Blue,116.42,4,0,2,0
58,40,Return,Mobile,FR,None,63.15,2,0,2,0
66,144,OneWay,Web,US,Bronze,132.17,1,1,0,1
31,75,Return,Mobile,DE,Bronze,200.38,2,0,0,1
32,120,OneWay,Web,DE,Bronze,209.45,3,0,1,1
48,45,Return,Mobile,US,None,70.48,3,0,0,0
18,159,Return,Web,US,None,181.1,1,0,0,1
70,79,OneWay,Agent,FR,None,112.82,5,0,0,0
71,53,Return,Agent,DE,Bronze,253.87,4,0,2,0
71,85,Return,Mobile,AU,None,63.92,4,0,0,0
20,91,OneWay,Web,DE,Blue,179.41,3,0,1,0
33,147,Return,Web,UK,Silver,106.47,2,0,0,1
40,160,Return,Mobile,CA,Silver,92.94,2,1,0,1
74,167,Return,Web,CA,Blue,203.92,5,1,0,1
28,159,OneWay,Mobile,UK,Blue,219.72,2,0,0,1
29,96,Return,Web,CA,None,37.07,4,0,1,1
27,1,Return,Web,US,Bronze,205.71,2,1,1,0
49,32,Return,Agent,CA,Silver,123.8,5,0,0,1
33,157,Return,Mobile,CA,None,130.27,4,0,1,1
25,160,Return,Web,UK,Blue,61.89,2,1,0,1
55,76,OneWay,Web,FR,Silver,173.53,4,0,0,1
29,115,OneWay,Web,CA,Silver,355.69,3,0,0,1
41,153,Return,Mobile,AU,None,96.05,3,1,1,1
45,149,OneWay,Web,CA,Blue,230.01,3,0,0,1
70,102,Return,Agent,FR,None,127.82,2,1,0,1
25,165,Return,Mobile,UK,None,98.13,5,1,0,1
75,102,OneWay,Web,FR,Silver,55.03,4,1,2,1
45,89,OneWay,Mobile,UK,Silver,246.06,1,0,0,1
53,173,OneWay,Web,US,Bronze,135.93,3,0,0,1
43,121,Return,Web,UK,None,100.86,3,0,0,1
25,142,Return,Agent,US,Silver,109.95,1,0,1,1
75,105,Return,Web,US,Blue,180.43,1,0,0,1
77,118,OneWay,Web,UK,None,100.77,2,0,1,0
67,171,OneWay,Web,AU,Blue,75.74,4,0,0,1
45,48,Return,Web,DE,None,120.87,3,0,0,1
45,103,OneWay,Web,UK,Bronze,118.94,5,0,2,1
54,60,Return,Mobile,CA,Blue,117.58,2,1,0,0
58,122,Return,Mobile,AU,None,101.49,2,1,1,1
53,133,Return,Mobile,AU,None,233.92,5,1,0,0
44,8,Return,Web,CA,None,419.35,5,0,2,0
71,5,Return,Web,DE,None,70.58,5,1,0,0
34,72,Return,Web,AU,Blue,33.39,1,1,0,1
26,102,Return,Web,US,Silver,113.2,3,0,0,1
50,159,OneWay,Web,DE,None,36.06,1,0,1,0
70,40,Return,Web,CA,None,51.8,3,0,1,1
37,113,OneWay,Web,DE,Blue,96.95,1,0,0,1
30,7,OneWay,Web,UK,Silver,179.78,4,0,0,1
45,71,Return,Agent,DE,None,112.52,3,0,1,0
65,177,Return,Agent,US,None,27.63,2,1,0,1
46,91,Return,Mobile,UK,Blue,111.75,3,0,0,1
30,61,Return,Agent,FR,None,116.15,3,0,0,1
63,83,Return,Mobile,CA,None,117.17,3,1,0,1
52,61,OneWay,Web,CA,Bronze,216.93,4,0,0,1
78,110,OneWay,Web,DE,Blue,199.18,1,1,0,0
23,126,Return,Mobile,AU,Blue,133.24,2,0,0,1
35,6,Return,Mobile,UK,Bronze,321.55,1,1,0,0
68,83,Return,Mobile,FR,Bronze,96.81,1,0,0,1
22,131,Return,Mobile,UK,None,120.04,5,0,0,1
64,133,OneWay,Web,CA,None,126.71,4,0,0,1
42,57,Return,Mobile,UK,None,54.67,5,1,0,1
19,21,Return,Agent,FR,None,128.08,4,1,1,0
27,153,OneWay,Web,AU,Bronze,48.54,1,0,0,1
73,126,Return,Mobile,DE,Silver,88.74,1,1,0,1
47,2,Return,Web,US,Gold,136.32,4,0,1,1
67,126,OneWay,Mobile,UK,Blue,60.02,1,0,0,1
76,40,Return,Mobile,US,None,151.75,1,1,0,0
62,105,Return,Web,CA,None,81.14,2,0,0,1
22,13,OneWay,Mobile,DE,Silver,105.35,5,0,2,1
72,11,Return,Web,DE,Blue,165.18,5,1,1,0
73,86,OneWay,Mobile,UK,Blue,122.9,5,1,0,1
50,11,Return,Web,AU,Bronze,149.99,3,1,0,0
71,140,Return,Mobile,DE,Bronze,160.1,2,1,0,1
18,24,OneWay,Web,UK,Silver,121.86,5,0,0,1
35,44,OneWay,Mobile,UK,None,154.35,5,1,0,0
49,121,Return,Web,US,Bronze,87.93,2,0,0,1
64,146,Return,Mobile,DE,Silver,164.17,1,1,2,1
66,54,Return,Agent,UK,None,113.58,5,0,0,0
28,99,OneWay,Agent,US,Blue,236.92,1,0,1,1
38,172,Return,Mobile,FR,None,137.78,5,0,1,1
43,135,Return,Mobile,US,Gold,94.86,4,0,0,1
42,118,Return,Web,US,None,165.61,3,0,0,0
39,52,OneWay,Web,UK,Blue,242.02,5,1,1,0
76,31,Return,Web,CA,None,99.53,4,1,1,0
44,50,Return,Mobile,CA,Bronze,90.64,2,0,1,1
66,43,Return,Agent,AU,None,20.69,4,1,0,1
30,81,Return,Web,CA,None,137.61,2,0,0,0
50,145,OneWay,Agent,US,Blue,107.69,5,0,0,1
51,149,Return,Mobile,AU,Silver,165.27,2,0,0,1
58,36,Return,Mobile,UK,None,167.06,4,1,0,0
52,95,OneWay,Web,DE,None,56.16,3,1,0,0
18,55,Return,Web,US,Bronze,198.75,1,0,0,1
38,104,Return,Web,US,Blue,83.54,1,0,1,1
65,58,OneWay,Mobile,AU,Silver,99.84,3,0,0,1
72,130,Return,Web,UK,None,28.82,1,0,1,1
23,155,Return,Web,FR,Blue,152.19,5,0,1,1
45,34,Return,Mobile,US,None,67.9,5,0,0,1
34,92,OneWay,Mobile,FR,None,91.15,4,0,0,0
22,96,Return,Agent,FR,Bronze,64.3,4,1,0,1
48,134,Return,Web,CA,Blue,207.33,2,0,0,1
22,75,OneWay,Web,UK,Bronze,104.47,4,0,0,1
55,48,Return,Mobile,FR,None,60.67,5,0,0,0
20,93,Return,Web,UK,Blue,63.21,4,1,0,1
70,158,Return,Web,CA,Blue,190.56,1,1,0,1
40,23,Return,Web,UK,Gold,79.39,2,1,0,0
54,147,Return,Web,US,None,98.61,2,0,0,1
70,36,Return,Web,FR,None,130.87,5,1,0,0
54,3,Return,Web,UK,None,108.38,4,0,0,0
27,107,Return,Web,DE,Blue,40.62,1,0,0,1
27,125,Return,Web,UK,None,174.2,4,0,0,1
36,19,Return,Mobile,FR,Silver,112.66,3,0,0,1
34,151,Return,Web,CA,None,149.12,4,1,0,0
38,49,Return,Mobile,CA,Silver,180.62,5,1,0,1
31,176,Return,Web,FR,None,34.76,4,0,0,1
26,178,Return,Web,US,Bronze,181.46,2,0,0,1
63,95,Return,Mobile,US,Silver,379.16,1,0,0,1
18,104,Return,Web,CA,None,157.23,5,0,0,1
68,163,OneWay,Web,CA,Gold,238.79,3,0,0,1
62,116,OneWay,Web,FR,Blue,203.84,1,1,0,0
30,97,Return,Agent,US,Gold,178.14,1,1,1,1
21,65,OneWay,Web,CA,Bronze,207.44,2,0,0,1
79,78,OneWay,Web,US,None,224.96,2,1,0,0
18,161,OneWay,Mobile,CA,None,229.41,2,0,0,0
66,163,OneWay,Web,UK,None,63.11,5,0,1,1
57,5,OneWay,Web,DE,None,213.8,4,0,1,0
49,38,Return,Web,AU,None,111.8,1,0,0,1
51,169,OneWay,Mobile,UK,None,233.51,4,1,0,0
45,114,Return,Web,AU,Blue,164.17,4,0,0,1
48,124,Return,Web,CA,Bronze,62.57,2,0,0,1
25,11,Return,Web,DE,None,249.45,4,0,0,0
56,130,OneWay,Mobile,DE,None,83.76,1,1,0,1
43,17,Return,Web,CA,Blue,108.9,1,0,1,0
75,39,Return,Agent,CA,None,278.45,3,1,0,0
51,20,Return,Web,US,None,138.25,5,1,0,0
71,142,Return,Agent,CA,None,106.39,4,0,0,1
71,98,Return,Agent,FR,Gold,123.38,5,0,0,1
20,25,OneWay,Web,CA,Silver,105.18,5,1,0,1
76,7,Return,Web,FR,None,190.38,5,0,0,0
67,99,Return,Web,CA,Bronze,106.91,5,1,0,1
29,86,Return,Web,US,Blue,125.58,1,0,0,0
18,41,Return,Mobile,FR,Bronze,171.17,4,0,0,1
71,171,OneWay,Web,UK,Bronze,161.7,3,1,1,1
61,13,Return,Web,FR,Blue,87.65,5,1,0,0
22,77,OneWay,Web,US,None,191.53,3,1,0,1
47,1,OneWay,Agent,AU,None,96.73,1,0,1,0
47,118,OneWay,Web,FR,Blue,71.25,1,1,0,1
76,36,OneWay,Web,CA,Silver,43.12,2,1,0,0
74,68,Return,Web,CA,Blue,116.8,5,1,0,0
34,165,OneWay,Agent,AU,Silver,48.92,2,0,1,1
65,40,OneWay,Mobile,US,Gold,80.95,3,0,1,0
64,61,Return,Web,DE,None,127.25,4,1,0,1
40,59,Return,Web,CA,Bronze,222.53,2,0,1,1
32,124,Return,Web,UK,Bronze,110.44,1,0,0,1
54,110,Return,Web,US,Gold,55.4,5,0,0,1
38,13,Return,Agent,FR,Gold,121.22,3,0,0,1
31,83,OneWay,Mobile,FR,Bronze,218.23,1,0,0,1
19,129,Return,Web,UK,None,109.09,4,0,2,0
28,69,Return,Mobile,CA,Bronze,241.34,5,1,0,1
68,144,OneWay,Web,US,None,126.87,4,0,0,1
56,122,Return,Mobile,UK,Bronze,181.81,4,0,0,1
55,88,OneWay,Mobile,CA,Silver,143.53,5,0,0,1
77,27,OneWay,Web,US,None,235.54,5,0,0,1
51,65,Return,Mobile,FR,Blue,332.2,4,0,0,0
55,162,Return,Web,US,Blue,99.35,3,1,0,1
67,4,Return,Web,AU,Blue,139.27,5,0,0,0
51,167,Return,Web,DE,None,222.45,1,1,0,1
35,163,OneWay,Web,US,Bronze,146.1,2,0,1,1
47,44,OneWay,Mobile,DE,Gold,41.77,3,0,0,1
32,150,Return,Agent,US,Gold,109.99,5,0,0,1
44,46,Return,Mobile,DE,None,145.47,5,0,0,0
68,30,OneWay,Mobile,AU,Silver,267.57,3,1,0,1
51,138,Return,Mobile,FR,Bronze,135.4,2,1,0,1
69,9,OneWay,Web,CA,None,77.93,4,0,1,0
74,117,Return,Web,DE,None,147.23,1,0,0,1
55,13,OneWay,Web,AU,None,254.19,5,0,0,1
50,79,Return,Mobile,DE,Silver,90.98,2,0,2,1
41,92,Return,Agent,FR,Blue,97.42,1,1,0,1
32,9,OneWay,Web,DE,Bronze,91.76,3,0,1,1
77,75,Return,Mobile,AU,None,59.86,5,1,0,0
47,93,Return,Mobile,AU,Bronze,132.29,4,0,2,1
72,104,OneWay,Web,UK,None,124.38,3,0,0,1
59,0,OneWay,Web,FR,None,44.73,5,0,0,0
68,132,OneWay,Web,UK,Blue,81.36,2,0,0,1
34,19,OneWay,Web,FR,None,141.34,1,1,0,0
22,7,Return,Web,DE,Silver,179.66,1,0,1,1
46,170,Return,Web,AU,None,204.25,5,1,1,1
21,0,Return,Web,UK,Bronze,186.95,3,0,0,1
27,56,OneWay,Web,DE,Blue,128.22,4,1,1,1
73,63,OneWay,Mobile,AU,Blue,54.04,2,0,0,0
34,117,OneWay,Web,FR,None,113.82,5,1,0,0
27,27,Return,Mobile,AU,None,25.82,2,1,0,0
34,120,Return,Web,DE,Silver,141.68,1,1,2,1
77,106,OneWay,Web,UK,None,89.27,4,0,1,1
37,164,Return,Agent,UK,Silver,34.15,2,1,1,1
41,174,Return,Web,AU,Gold,155.03,5,0,0,1
22,164,Return,Web,DE,None,252.68,4,0,0,1
51,48,Return,Mobile,US,None,49.32,3,0,0,1
23,119,Return,Web,FR,Bronze,161.48,5,0,0,1
70,43,Return,Web,FR,Gold,103.73,2,1,1,1
19,55,Return,Web,DE,Silver,83.72,4,0,1,1
30,155,Return,Web,US,Blue,83.82,5,0,0,1
79,110,OneWay,Web,UK,Bronze,103.72,4,0,0,1
60,133,OneWay,Web,CA,None,103.52,4,0,0,1
60,107,OneWay,Mobile,CA,Gold,125.57,4,0,0,1
65,147,Return,Mobile,DE,Gold,79.21,2,0,0,1
28,113,OneWay,Mobile,US,None,88.49,5,0,0,0
68,77,Return,Mobile,US,None,169.07,1,0,0,1
64,129,Return,Mobile,FR,None,75.24,1,1,1,1
74,36,Return,Web,UK,None,146.36,2,1,0,1
40,19,OneWay,Mobile,AU,Silver,106.6,2,1,0,0
72,25,Return,Mobile,US,None,95.16,4,0,1,0
33,28,Return,Mobile,AU,None,292.66,5,0,0,0
48,0,Return,Web,CA,None,60.68,5,0,0,0
28,118,OneWay,Web,AU,Gold,261.27,3,0,0,1
71,34,Return,Web,UK,Blue,192.66,3,0,0,1
33,58,OneWay,Mobile,UK,Blue,90.56,1,0,0,0
25,68,OneWay,Web,AU,None,195.41,3,0,1,0
21,160,Return,Mobile,DE,Gold,18.96,3,0,0,1
57,178,Return,Web,US,Silver,85.87,1,1,1,1
21,11,Return,Web,DE,None,75.83,1,0,0,0
73,19,Return,Web,AU,None,155.96,3,0,0,0
42,42,Return,Web,US,None,181.42,5,0,0,0
20,125,Return,Web,FR,None,154.69,3,0,1,1
49,49,OneWay,Web,DE,Blue,136.84,4,0,0,1
20,28,Return,Agent,DE,Gold,201.85,4,0,0,1
44,38,OneWay,Web,AU,Blue,187.76,4,0,1,1
46,170,Return,Web,CA,Silver,89.36,2,1,0,1
49,177,Return,Mobile,AU,Blue,94.9,4,1,1,1
67,150,OneWay,Mobile,DE,Bronze,182.48,5,0,0,1
78,171,Return,Mobile,US,Bronze,124.94,2,0,0,1
75,37,Return,Web,CA,None,129.42,2,0,0,0
68,83,Return,Mobile,AU,None,138.18,4,1,0,1
36,150,Return,Mobile,AU,Blue,42.97,3,0,0,1
38,127,Return,Web,DE,None,87.15,1,0,0,1
22,125,Return,Web,DE,None,162.73,3,0,0,0
35,44,Return,Web,FR,Blue,86.75,3,0,0,1
45,51,Return,Web,AU,Gold,113.05,2,1,0,1
59,79,Return,Mobile,DE,Blue,162.2,2,0,0,1
78,177,OneWay,Web,UK,Silver,207.43,2,0,1,1
39,123,OneWay,Agent,CA,Blue,219.69,5,0,1,1
38,118,Return,Web,UK,Bronze,225.86,5,0,0,1
23,7,Return,Web,CA,Blue,118.74,1,1,0,0
18,84,Return,Web,AU,Silver,112.34,2,1,1,1
22,128,Return,Web,FR,Blue,65.1,4,0,0,1
58,7,OneWay,Mobile,DE,Blue,253.4,2,0,1,0
29,156,OneWay,Mobile,DE,Blue,109.83,5,0,0,0
43,95,Return,Web,DE,Blue,250.46,2,0,3,1
63,101,OneWay,Web,AU,None,148.38,5,0,0,0
51,4,OneWay,Web,CA,None,212.2,2,0,0,0
66,85,OneWay,Mobile,DE,None,122.98,4,0,0,0
31,174,Return,Web,UK,Silver,170.31,1,0,1,1
43,33,Return,Web,DE,None,215.78,4,0,0,0
62,54,OneWay,Mobile,AU,None,97.7,5,1,0,0
44,118,Return,Agent,FR,Bronze,226.45,3,0,0,1
26,170,Return,Web,UK,None,70.27,4,1,0,1
43,157,Return,Web,DE,Blue,288.86,2,0,0,1
74,113,OneWay,Mobile,DE,None,138.46,1,0,1,0
64,144,Return,Mobile,US,Gold,87.92,2,1,1,1
74,25,Return,Web,CA,Silver,190.78,2,0,0,1
39,135,Return,Agent,UK,Silver,151.89,4,1,0,1
64,46,Return,Mobile,US,Blue,44.44,1,0,1,1
73,112,OneWay,Web,FR,Bronze,103.75,3,0,0,1
47,75,Return,Web,CA,None,72.24,2,0,0,1
60,71,Return,Web,UK,None,75.92,1,0,0,1
65,88,OneWay,Mobile,DE,None,74.4,3,0,1,1
78,45,Return,Web,UK,Blue,166.29,2,0,0,1
34,32,OneWay,Mobile,DE,Blue,198.08,1,0,0,0
43,0,Return,Mobile,CA,Blue,83.52,4,0,1,0
53,146,Return,Web,DE,None,37.23,2,0,0,1
18,30,Return,Mobile,FR,Blue,25.67,2,0,0,1
25,141,Return,Agent,AU,Bronze,322.34,1,0,0,1
66,52,Return,Web,DE,Blue,139.22,2,0,0,1
52,47,Return,Web,FR,Bronze,191.48,3,1,1,0
78,68,Return,Web,AU,None,115.67,2,1,0,0
69,104,Return,Mobile,CA,Silver,32.13,5,0,1,1
32,89,Return,Agent,CA,Blue,158.1,3,1,0,1
64,62,OneWay,Web,UK,None,273.78,1,0,0,0
73,72,Return,Mobile,FR,None,90.61,3,1,0,0
